{"cameraMode":{"drawMode":0,"name":"Shaded","section":"Shading Mode"},"sceneLighting":true,"audioPlay":false,"sceneViewState":{"m_AlwaysRefresh":false,"showFog":true,"showSkybox":true,"showFlares":true,"showImageEffects":true,"showParticleSystems":true,"showVisualEffectGraphs":true,"m_FxEnabled":false},"in2DMode":false,"pivot":{"x":235.49819946289063,"y":26.989030838012697,"z":-102.43451690673828},"rotation":{"x":-0.17673245072364808,"y":-0.6297685503959656,"z":0.15055440366268159,"w":-0.7413358092308044},"size":843.6082153320313,"orthographic":false}